{
    "Sig":{
        "Name":"IATHookv2",
        "Description":"IAT hooking as observed in malware",
        "Category":"MALWARE",
        "Pattern":[
            {
                "API":"Kernel32.DLL!GetCurrentProcess",
                "Retn":{
                    "Name":"PROC"
                }
            },
            {
                "API":"Kernel32.DLL!VirtualProtect",
                "Args":[
                    {
                        "Name":"ADDR",
                        "Index":0,
                        "Type":"IN"
                    }
                ]
            },
            {
                "API":"Kernel32.DLL!FlushInstructionCache",
                "Args":[
                    {
                        "Name":"PROC",
                        "Index":0,
                        "Type":"IN"
                    },
                    {
                        "Name":"ADDR",
                        "Index":1,
                        "Type":"IN"
                    }
                ]
            }
        ]
    },
    "Sig":{
        "Name":"ProcessInjection",
        "Description":"Inject into a process",
        "Category":"MALWARE",
        "Pattern":[
            {
                "API":"KERNEL32.DLL!WriteProcessMemory",
                "Args":[
                    {
                        "Name":"PROCESS",
                        "Index":0,
                        "Type":"IN"
                    }
                ]
            },
            {
                "API":"KERNEL32.DLL!CreateRemoteThread",
                "Args":[
                    {
                        "Name":"PROCESS",
                        "Index":0,
                        "Type":"IN"
                    }
                ]
            }
        ]
    },
    "Sig":{
        "Name":"ReverseShellv1",
        "Description":"A standard reverse shell",
        "Category":"MALWARE",
        "Pattern":[
            {
                "API":"Kernel32.dll!CreatePipe"
            },
            {
                "API":"Kernel32.dll!CreatePipe"
            },
            {
                "API":"Kernel32.dll!CreateProcessA"
            }
        ]
    },
    "Sig":{
        "Name":"ReverseShellv2",
        "Description":"A standard reverse shell (UNICODE)",
        "Category":"MALWARE",
        "Pattern":[
            {
                "API":"Kernel32.dll!CreatePipe"
            },
            {
                "API":"Kernel32.dll!CreatePipe"
            },
            {
                "API":"Kernel32.dll!CreateProcessW"
            }
        ]
    },
    "Sig":{
        "Name":"IATHook",
        "Description":"IAT hooking as observed in malware",
        "Category":"MALWARE",
        "Pattern":[
            {
                "API":"Kernel32.DLL!VirtualProtect"
            },
            {
                "API":"Kernel32.DLL!VirtualProtect"
            },
            {
                "API":"Kernel32.DLL!FlushInstructionCache"
            }
        ]
    },
    "Sig":{
        "Name":"OverwriteFunction",
        "Description":"Overwrite an API function",
        "Category":"MALWARE",
        "Pattern":[
            {
                "API":"Kernel32.DLL!GetProcAddress",
                "Retn":{
                    "Name":"ADDR"
                }
            },
            {
                "API":"Kernel32.DLL!VirtualProtect",
                "Args":[
                    {
                        "Name":"ADDR",
                        "Type":"IN",
                        "Index":0
                    }
                ]
            },
            {
                "API":"Kernel32.DLL!VirtualProtect",
                "Args":[
                    {
                        "Name":"ADDR",
                        "Type":"IN",
                        "Index":0
                    }
                ]
            },
            {
                "API":"Kernel32.DLL!FlushInstructionCache"
            }
        ]
    },
    "Sig":{
        "Name":"Timestomp",
        "Description":"Change the time of a file to hide changes",
        "Category":"MALWARE",
        "Pattern":[
            {
                "API":"Kernel32.DLL!CreateFileA",
                "Retn":{
                    "Name":"HFILE"
                }
            },
            {
                "API":"Kernel32.DLL!SetFileTime",
                "Args":[
                    {
                        "Name":"HFILE",
                        "Type":"IN",
                        "Index":0
                    }
                ]
            }
        ]
    },
    "Sig":{
        "Name":"TimestompWide",
        "Description":"Change the time of a file to hide changes (UNICODE)",
        "Category":"MALWARE",
        "Pattern":[
            {
                "API":"Kernel32.dll!CreateFileW",
                "Retn":{
                    "Name":"HFILE"
                }
            },
            {
                "API":"Kernel32.dll!SetFileTime",
                "Args":[
                    {
                        "Name":"HFILE",
                        "Type":"IN",
                        "Index":0
                    }
                ]
            }
        ]
    },
    "Sig":{
        "Name":"ElevatePrivileges",
        "Description":"Elevate process privileges",
        "Category":"MALWARE",
        "Pattern":[
            {
                "API":"Advapi32.DLL!OpenProcessToken",
                "Args":[
                    {
                        "Name":"TOKENHANDLE",
                        "Type":"OUT",
                        "Index":3
                    }
                ]
            },
            {
                "API":"Advapi32.DLL!LookupPrivilegeValueA"
            },
            {
                "API":"Advapi32.DLL!AdjustTokenPrivileges",
                "Args":[
                    {
                        "Name":"TOKENHANDLE",
                        "Type":"IN",
                        "Index":0
                    }
                ]
            }
        ]
    },
    "Sig":{
        "Name":"ScreenCapture",
        "Description":"Take a screen shot",
        "Category":"MALWARE",
        "Pattern":[
            {
                "API":"AVICAP32.dll!CreateDCA"
            },
            {
                "API":"GDI32.dll!CreateCompatibleDC"
            },
            {
                "API":"GDI32.DLL!BitBlt"
            }
        ]
    },
    "Sig":{
        "Name":"RunServer",
        "Description":"Listen for, and accept incoming network connections",
        "Category":"NETWORKING",
        "Pattern":[
            {
                "API":"WS2_32.dll!socket",
                "Retn":{
                    "Name":"SOCKET"
                }
            },
            {
                "API":"WS2_32.dll!bind",
                "Args":[
                    {
                        "Name":"SOCKET",
                        "Type":"IN",
                        "Index":0
                    }
                ]
            },
            {
                "API":"WS2_32.dll!listen",
                "Args":[
                    {
                        "Name":"SOCKET",
                        "Type":"IN",
                        "Index":0
                    }
                ]
            },
            {
                "API":"WS2_32.dll!accept",
                "Args":[
                    {
                        "Name":"SOCKET",
                        "Type":"IN",
                        "Index":0
                    }
                ]
            }
        ]
    },
    "Sig":{
        "Name":"MakeWininetConnect",
        "Description":"Use the WinInet library to make an HTTP connection",
        "Category":"NETWORKING",
        "Pattern":[
            {
                "API":"Wininet.dll!InternetOpen",
                "Retn":{
                    "Name":"HINET"
                }
            },
            {
                "API":"Wininet.dll!InternetConnect",
                "Args":[
                    {
                        "Name":"HINET",
                        "Type":"IN",
                        "Index":0
                    }
                ]
            }
        ]
    },
    "Sig":{
        "Name":"RecvFileViaWininet",
        "Description":"Use the WinInet library to download a file",
        "Category":"NETWORKING",
        "Pattern":[
            {
                "API":"Wininet.dll!HttpOpenRequestA",
                "Retn":{
                    "Name":"HCONN"
                }
            },
            {
                "API":"Wininet.dll!InternetReadFile",
                "Args":[
                    {
                        "Name":"HCONN",
                        "Type":"IN",
                        "Index":0
                    }
                ]
            }
        ]
    },
    "Sig":{
        "Name":"RecvFileViaWininetWide",
        "Description":"Use the WinInet library to download a file (UNICODE)",
        "Category":"NETWORKING",
        "Pattern":[
            {
                "API":"Wininet.dll!HttpOpenRequestW",
                "Retn":{
                    "Name":"HCONN"
                }
            },
            {
                "API":"Wininet.dll!InternetReadFile",
                "Args":[
                    {
                        "Name":"HCONN",
                        "Type":"IN",
                        "Index":0
                    }
                ]
            }
        ]
    },
    "Sig":{
        "Name":"MakeOutboundNetworkConnection",
        "Description":"Make an outgoing network connection",
        "Category":"NETWORKING",
        "Pattern":[
            {
                "API":"WS2_32.dll!socket",
                "Retn":{
                    "Name":"SOCKET"
                }
            },
            {
                "API":"WS2_32.dll!WSAConnect",
                "Args":[
                    {
                        "Name":"SOCKET",
                        "Type":"IN",
                        "Index":0
                    }
                ]
            }
        ]
    },
    "Sig":{
        "Name":"MakeOutboundNetworkConnection",
        "Description":"Make an outgoing network connection",
        "Category":"NETWORKING",
        "Pattern":[
            {
                "API":"WS2_32.dll!socket",
                "Retn":{
                    "Name":"SOCKET"
                }
            },
            {
                "API":"WS2_32.dll!connect",
                "Args":[
                    {
                        "Name":"SOCKET",
                        "Type":"IN",
                        "Index":0
                    }
                ]
            }
        ]
    },
    "Sig":{
        "Name":"SendFileViaWininet",
        "Description":"Use the WinInet library to download a file",
        "Category":"NETWORKING",
        "Pattern":[
            {
                "API":"Wininet.dll!HttpSendRequestExA",
                "Args":[
                    {
                        "Name":"HINET",
                        "Type":"IN",
                        "Index":0
                    }
                ]
            },
            {
                "API":"Wininet.dll!InternetWriteFile",
                "Args":[
                    {
                        "Name":"HINET",
                        "Type":"IN",
                        "Index":0
                    }
                ]
            },
            {
                "API":"Wininet.dll!HttpEndRequestA",
                "Args":[
                    {
                        "Name":"HINET",
                        "Type":"IN",
                        "Index":0
                    }
                ]
            }
        ]
    },
    "Sig":{
        "Name":"SendFileViaWininetWide",
        "Description":"Use the WinInet library to download a file (UNICODE)",
        "Category":"NETWORKING",
        "Pattern":[
            {
                "API":"Wininet.dll!HttpSendRequestExW",
                "Args":[
                    {
                        "Name":"HINET",
                        "Type":"IN",
                        "Index":0
                    }
                ]
            },
            {
                "API":"Wininet.dll!InternetWriteFile",
                "Args":[
                    {
                        "Name":"HINET",
                        "Type":"IN",
                        "Index":0
                    }
                ]
            },
            {
                "API":"Wininet.dll!HttpEndRequestW",
                "Args":[
                    {
                        "Name":"HINET",
                        "Type":"IN",
                        "Index":0
                    }
                ]
            }
        ]
    },
    "Sig":{
        "Name":"ResolveHost",
        "Description":"DNS Lookup",
        "Category":"NETWORKING",
        "Pattern":[
            {
                "API":"WS2_32.dll!gethostbyname"
            }
        ]
    },
    "Sig":{
        "Name":"SocketSendRecv",
        "Description":"Send/Receive using a standard socket",
        "Category":"NETWORKING",
        "Pattern":[
            {
                "API":"WS2_32.dll!send",
                "Args":[
                    {
                        "Name":"SOCKET",
                        "Type":"IN",
                        "Index":0
                    }
                ]
            },
            {
                "API":"WS2_32.dll!recv",
                "Args":[
                    {
                        "Name":"SOCKET",
                        "Type":"IN",
                        "Index":0
                    }
                ]
            }
        ]
    },
    "Sig":{
        "Name":"EnumerateDrives",
        "Description":"List drives on host",
        "Category":"INFORMATIONAL",
        "Pattern":[
            {
                "API":"Kernel32.dll!GetLogicalDriveStringsA"
            },
            {
                "API":"Kernel32.dll!GetDriveTypeA"
            }
        ]
    },
    "Sig":{
        "Name":"EnumerateDrivesV2",
        "Description":"List drives on host (UNICODE)",
        "Category":"INFORMATIONAL",
        "Pattern":[
            {
                "API":"Kernel32.dll!GetLogicalDriveStringsW"
            },
            {
                "API":"Kernel32.dll!GetDriveTypeW"
            }
        ]
    },
    "Sig":{
        "Name":"EnumerateDriveInfo",
        "Description":"List drive information",
        "Category":"INFORMATIONAL",
        "Pattern":[
            {
                "API":"Kernel32.dll!GetLogicalDriveStringsA"
            },
            {
                "API":"Kernel32.dll!GetVolumeInformationA"
            }
        ]
    },
    "Sig":{
        "Name":"EnumerateDriveInfoV2",
        "Description":"List drive information (UNICODE)",
        "Category":"INFORMATIONAL",
        "Pattern":[
            {
                "API":"Kernel32.dll!GetLogicalDriveStringsW"
            },
            {
                "API":"Kernel32.dll!GetVolumeInformationW"
            }
        ]
    },
    "Sig":{
        "Name":"FileSearch",
        "Description":"Search for a file",
        "Category":"INFORMATIONAL",
        "Pattern":[
            {
                "API":"Kernel32.dll!FindFirstFileA",
                "Retn":{
                    "Name":"FILEHANDLE"
                }
            },
            {
                "API":"Kernel32.dll!FindNextFileA",
                "Args":[
                    {
                        "Name":"FILEHANDLE",
                        "Type":"IN",
                        "Index":0
                    }
                ]
            },
            {
                "API":"Kernel32.dll!FindClose",
                "Args":[
                    {
                        "Name":"FILEHANDLE",
                        "Type":"IN",
                        "Index":0
                    }
                ]
            }
        ]
    },
    "Sig":{
        "Name":"FileSearchV2",
        "Description":"Search for a file(UNICODE)",
        "Category":"INFORMATIONAL",
        "Pattern":[
            {
                "API":"Kernel32.dll!FindFirstFileW",
                "Retn":{
                    "Name":"FILEHANDLE"
                }
            },
            {
                "API":"Kernel32.dll!FindNextFileW",
                "Args":[
                    {
                        "Name":"FILEHANDLE",
                        "Type":"IN",
                        "Index":0
                    }
                ]
            },
            {
                "API":"Kernel32.dll!FindClose",
                "Args":[
                    {
                        "Name":"FILEHANDLE",
                        "Type":"IN",
                        "Index":0
                    }
                ]
            }
        ]
    },
    "Sig":{
        "Name":"TaskList",
        "Description":"List processes",
        "Category":"INFORMATIONAL",
        "Pattern":[
            {
                "API":"Kernel32.dll!CreateToolhelp32Snapshot",
                "Retn":{
                    "Name":"HANDLE"
                }
            },
            {
                "API":"Kernel32.dll!Process32First",
                "Args":[
                    {
                        "Name":"HANDLE",
                        "Type":"IN",
                        "Index":0
                    }
                ]
            },
            {
                "API":"Kernel32.dll!Process32Next",
                "Args":[
                    {
                        "Name":"HANDLE",
                        "Type":"IN",
                        "Index":0
                    }
                ]
            }
        ]
    },
    "Sig":{
        "Name":"EnumerateServices",
        "Description":"List services",
        "Category":"INFORMATIONAL",
        "Pattern":[
            {
                "API":"Advapi32.DLL!OpenSCManagerA",
                "Retn":{
                    "Name":"SCHANDLE"
                }
            },
            {
                "API":"Advapi32.DLL!EnumServicesStatusA",
                "Args":[
                    {
                        "Name":"SCHANDLE",
                        "Type":"IN",
                        "Index":0
                    }
                ]
            },
            {
                "API":"Advapi32.DLL!CloseServiceHandle",
                "Args":[
                    {
                        "Name":"SCHANDLE",
                        "Type":"IN",
                        "Index":0
                    }
                ]
            }
        ]
    },
    "Sig":{
        "Name":"EnumerateServicesV2",
        "Description":"List services (UNICODE)",
        "Category":"INFORMATIONAL",
        "Pattern":[
            {
                "API":"Advapi32.DLL!OpenSCManagerW",
                "Retn":{
                    "Name":"SCHANDLE"
                }
            },
            {
                "API":"Advapi32.DLL!EnumServicesStatusW",
                "Args":[
                    {
                        "Name":"SCHANDLE",
                        "Type":"IN",
                        "Index":0
                    }
                ]
            },
            {
                "API":"Advapi32.DLL!CloseServiceHandle",
                "Args":[
                    {
                        "Name":"SCHANDLE",
                        "Type":"IN",
                        "Index":0
                    }
                ]
            }
        ]
    },
    "Sig":{
        "Name":"GetDriveInfo",
        "Description":"Get drive information",
        "Category":"INFORMATIONAL",
        "Pattern":[
            {
                "API":"IMM32.DLL!GetDiskFreeSpaceExA"
            },
            {
                "API":"kernel32.dll!GetVolumeInformationA"
            },
            {
                "API":"kernel32.dll!GetDriveTypeA"
            }
        ]
    },
    "Sig":{
        "Name":"GetDriveInfoV2",
        "Description":"Get drive information (Unicode)",
        "Category":"INFORMATIONAL",
        "Pattern":[
            {
                "API":"IMM32.DLL!GetDiskFreeSpaceExA"
            },
            {
                "API":"kernel32.dll!GetVolumeInformationA"
            },
            {
                "API":"kernel32.dll!GetDriveTypeA"
            }
        ]
    },
    "Sig":{
        "Name":"RaidClipboard",
        "Description":"Get data stored in the clipboard",
        "Category":"INFORMATIONAL",
        "Pattern":[
            {
                "API":"USER32.dll!OpenClipboard"
            },
            {
                "API":"USER32.dll!GetClipboardData"
            },
            {
                "API":"User32.dll!CloseClipboard"
            }
        ]
    },
    "Sig":{
        "Name":"GetAccountSid",
        "Description":"Get security information for a process token",
        "Category":"INFORMATIONAL",
        "Pattern":[
            {
                "API":"Advapi32.DLL!GetTokenInformationA"
            },
            {
                "API":"Advapi32.DLL!LookupAccountSidA"
            }
        ]
    },
    "Sig":{
        "Name":"GetAccountSidV2",
        "Description":"Get security information for a process token",
        "Category":"INFORMATIONAL",
        "Pattern":[
            {
                "API":"Advapi32.DLL!GetTokenInformationW"
            },
            {
                "API":"Advapi32.DLL!LookupAccountSidW"
            }
        ]
    },
    "Sig":{
        "Name":"ProcessKill",
        "Description":"Kill a process",
        "Category":"PROCESS_MANIPULATION",
        "Pattern":[
            {
                "API":"Kernel32.dll!OpenProcess",
                "Retn":{
                    "Name":"PHANDLE"
                }
            },
            {
                "API":"Kernel32!TerminateProcess",
                "Args":[
                    {
                        "Name":"PHANDLE",
                        "Type":"IN",
                        "Index":0
                    }
                ]
            }
        ]
    },
    "Sig":{
        "Name":"DeleteServiceWide",
        "Description":"Start a Windows service (UNICODE)",
        "Category":"PROCESS_MANIPULATION",
        "Pattern":[
            {
                "API":"Advapi32.DLL!OpenSCManagerW",
                "Retn":{
                    "Name":"HSCM"
                }
            },
            {
                "API":"Advapi32.DLL!OpenServiceW",
                "Args":[
                    {
                        "Name":"HSCM",
                        "Type":"IN",
                        "Index":0
                    }
                ],
                "Retn":{
                    "Name":"SCHANDLE"
                }
            },
            {
                "API":"Advapi32.DLL!DeleteService",
                "Args":[
                    {
                        "Name":"SCHANDLE",
                        "Type":"IN",
                        "Index":0
                    }
                ]
            }
        ]
    },
    "Sig":{
        "Name":"DeleteService",
        "Description":"Start a Windows service (UNICODE)",
        "Category":"PROCESS_MANIPULATION",
        "Pattern":[
            {
                "API":"Advapi32.DLL!OpenSCManagerA",
                "Retn":{
                    "Name":"HSCM"
                }
            },
            {
                "API":"Advapi32.DLL!OpenServiceA",
                "Args":[
                    {
                        "Name":"HSCM",
                        "Type":"IN",
                        "Index":0
                    }
                ],
                "Retn":{
                    "Name":"SCHANDLE"
                }
            },
            {
                "API":"Advapi32.DLL!DeleteService",
                "Args":[
                    {
                        "Name":"SCHANDLE",
                        "Type":"IN",
                        "Index":0
                    }
                ]
            }
        ]
    },
    "Sig":{
        "Name":"StartService",
        "Description":"Start a Windows service",
        "Category":"PROCESS_MANIPULATION",
        "Pattern":[
            {
                "API":"Advapi32.DLL!OpenSCManagerA",
                "Retn":{
                    "Name":"SCHANDLE"
                }
            },
            {
                "API":"Advapi32.DLL!OpenServiceA",
                "Args":[
                    {
                        "Name":"SCHANDLE",
                        "Type":"IN",
                        "Index":0
                    }
                ],
                "Retn":{
                    "Name":"HSERV"
                }
            },
            {
                "API":"Advapi32.DLL!StartServiceA",
                "Args":[
                    {
                        "Name":"HSERV",
                        "Type":"IN",
                        "Index":0
                    }
                ]
            }
        ]
    },
    "Sig":{
        "Name":"StartServiceWide",
        "Description":"Start a Windows service (UNICODE)",
        "Category":"PROCESS_MANIPULATION",
        "Pattern":[
            {
                "API":"Advapi32.DLL!OpenSCManagerW",
                "Retn":{
                    "Name":"SCHANDLE"
                }
            },
            {
                "API":"Advapi32.DLL!OpenServiceW",
                "Args":[
                    {
                        "Name":"SCHANDLE",
                        "Type":"IN",
                        "Index":0
                    }
                ],
                "Retn":{
                    "Name":"HSERV"
                }
            },
            {
                "API":"Advapi32.DLL!StartServiceW",
                "Args":[
                    {
                        "Name":"HSERV",
                        "Type":"IN",
                        "Index":0
                    }
                ]
            }
        ]
    },
    "Sig":{
        "Name":"CreateServiceWide",
        "Description":"Create a new Windows service (UNICODE)",
        "Category":"PROCESS_MANIPULATION",
        "Pattern":[
            {
                "API":"Advapi32.DLL!OpenSCManagerW",
                "Retn":{
                    "Name":"SCHANDLE"
                }
            },
            {
                "API":"Advapi32.DLL!CreateServiceW",
                "Args":[
                    {
                        "Name":"SCHANDLE",
                        "Type":"IN",
                        "Index":0
                    }
                ]
            }
        ]
    },
    "Sig":{
        "Name":"CreateService",
        "Description":"Create a new Windows service (UNICODE)",
        "Category":"PROCESS_MANIPULATION",
        "Pattern":[
            {
                "API":"Advapi32.DLL!OpenSCManagerA",
                "Retn":{
                    "Name":"SCHANDLE"
                }
            },
            {
                "API":"Advapi32.DLL!CreateServiceA",
                "Args":[
                    {
                        "Name":"SCHANDLE",
                        "Type":"IN",
                        "Index":0
                    }
                ]
            }
        ]
    },
    "Sig":{
        "Name":"SpawnProcess",
        "Description":"Start a Windows process ",
        "Category":"PROCESS_MANIPULATION",
        "Pattern":[
            {
                "API":"kernel32.dll!CreateProcessA"
            }
        ]
    },
    "Sig":{
        "Name":"SpawnProcessV2",
        "Description":"Start a Windows process (UNICODE)",
        "Category":"PROCESS_MANIPULATION",
        "Pattern":[
            {
                "API":"kernel32.dll!CreateProcessW"
            }
        ]
    },
    "Sig":{
        "Name":"ShutdownHost",
        "Description":"Shutdown, reboot, or logoff the host",
        "Category":"PROCESS_MANIPULATION",
        "Pattern":[
            {
                "API":"USER32.dll!ExitWindowsEx"
            }
        ]
    },
    "Sig":{
        "Name":"TerminateSelf",
        "Category":"INFORMATIONAL",
        "Description":"Kill the current process",
        "Pattern":[
            {
                "API":"KERNEL32.DLL!GETCURRENTPROCESS",
                "Retn":{
                    "Name":"H"
                }
            },
            {
                "API":"KERNEL32.DLL!TERMINATEPROCESS",
                "Args":[
                    {
                        "Name":"H",
                        "Type":"IN",
                        "Index":0
                    }
                ]
            }
        ]
    },
    "Sig":{
        "Name":"SetRegValue",
        "Description":"Set a registry value",
        "Category":"INFORMATIONAL",
        "Pattern":[
            {
                "API":"ADVAPI32.DLL!REGOPENKEY",
                "Args":[
                    {
                        "Name":"HKEY",
                        "Index":2,
                        "Type":"OUT"
                    }
                ]
            },
            {
                "API":"ADVAPI32.DLL!REGSETVALUE",
                "Args":[
                    {
                        "Name":"HKEY",
                        "Index":0,
                        "Type":"IN"
                    },
                    {
                        "Name":"NewVal",
                        "Index":1,
                        "Type":"IN"
                    }
                ]
            },
            {
                "API":"ADVAPI32.DLL!REGCLOSEKEY",
                "Args":[
                    {
                        "Name":"HKEY",
                        "Index":0,
                        "Type":"IN"
                    }
                ]
            }
        ]
    },
    "Sig":{
        "Name":"WriteProgramResourceToFile",
        "Description":"Load a program resource and write it directly to a file",
        "Category":"MALWARE",
        "Pattern":[
            {
                "API":"Kernel32.dll!FindResourceA",
                "Retn":{
                    "Name":"HRSRC"
                }
            },
            {
                "API":"Kernel32.dll!LoadResource",
                "Args":[
                    {
                        "Name":"HRSRC",
                        "Index":1,
                        "Type":"IN"
                    }
                ],
                "Retn":{
                    "Name":"HANDLE"
                }
            },
            {
                "API":"Kernel32.dll!LockResource",
                "Args":[
                    {
                        "Name":"HANDLE",
                        "Index":0,
                        "Type":"IN"
                    }
                ],
                "Retn":{
                    "Name":"RES"
                }
            },
            {
                "API":"Kernel32.dll!WriteFile",
                "Args":[
                    {
                        "Name":"RES",
                        "Index":1,
                        "Type":"IN"
                    }
                ]
            }
        ]
    },
    "Sig":{
        "Name":"LoadProgramResource",
        "Description":"Load a program resource",
        "Category":"INFORMATIONAL",
        "Pattern":[
            {
                "API":"Kernel32.dll!FindResourceA",
                "Retn":{
                    "Name":"HRSRC"
                }
            },
            {
                "API":"Kernel32.dll!LoadResource",
                "Args":[
                    {
                        "Name":"HRSRC",
                        "Index":1,
                        "Type":"IN"
                    }
                ],
                "Retn":{
                    "Name":"HANDLE"
                }
            },
            {
                "API":"Kernel32.dll!LockResource",
                "Args":[
                    {
                        "Name":"HANDLE",
                        "Index":0,
                        "Type":"IN"
                    }
                ],
                "Retn":{
                    "Name":"RES"
                }
            }
        ]
    }
}