{
  "config" : {
    "types" :
    {
        "LPCTSTR" : "tstring",
        "LPTSTR" : "tstring",
        "LPCSTR" : "string",
        "LPSTR" : "string",
        "LPCWSTR" : "wstring",
        "LPWSTR" : "wstring",
        "BYTE" : {"type" : "unsigned", "size" : 1 },
        "WORD" : {"type" : "unsigned", "size" : 2 },
        "DWORD" : {"type" : "unsigned", "size" : 4 },
        "SIZE_T" : {"type" : "unsigned", "size" : "arch" },
        "ULONG_PTR" : {"type" : "unsigned", "size" : "arch" },
        "LONG_PTR" : {"type" : "signed", "size" : "arch" },
        "DWORD_PTR" : "ULONG_PTR",
        "INT" : {"type" : "signed", "size" : 4 },
        "UINT" : {"type" : "unsigned", "size" : 4 },
        "PVOID" : "void*",
        "LPVOID" : "void*",
        "LPCVOID" : "void*",
        "HANDLE" : "void*",
        "HWND": "HANDLE",
        "HINTERNET" : "HANDLE",
        "HKEY" : "HANDLE",
        "PHKEY" : {"type" : "pointer", "value" : "HKEY"},
        "INTERNET_PORT" : "WORD",
        "LPBYTE" : {"type" : "pointer", "value" : "BYTE"},
        "LPDWORD" : {"type" : "pointer", "value" : "DWORD"},
        "CHAR" : "BYTE",
        "BOOL" : "bool",
        "LPWIN32_FIND_DATA" : {"type" : "pointer", "value" : "WIN32_FIND_DATA"},
        "FILETIME" :
        {
            "type" : "struct",
            "value" : [{"name" : "dwLowDateTime", "type" : "DWORD"},
                       {"name" : "dwHighDateTime", "type" : "DWORD"}]
        },
        "WIN32_FIND_DATA" :
        {
            "type" : "struct",
            "value" : [{"name" : "dwFileAttributes",
                        "type" : "DWORD"},
                       {"name" : "ftCreationTime",
                        "type" : "FILETIME"},
                       {"name" : "ftLastAccessTime",
                        "type" : "FILETIME"},
                       {"name" : "ftLastWriteTime",
                        "type" : "FILETIME"},
                       {"name" : "nFileSizeHigh",
                        "type" : "DWORD"},
                       {"name" : "nFileSizeLow",
                        "type" : "DWORD"},
                       {"name" : "dwReserved0",
                        "type" : "DWORD"},
                       {"name" : "dwReserved1",
                        "type" : "DWORD"},
                       {"name" : "cFileName",
                        "type" : "__max_path"},
                       {"name" : "cAlternateFileName",
                        "type" : "__cAlternateFileName"}]
        },
        "__max_path" : {"type" : "unknown", "size" : 260,
                        "note": {"type" : "array", "value" : "TCHAR", "size" : 260}},
        "__cAlternateFileName" : {"type" : "unknown", "size" : 14,
                                  "note": {"type" : "array", "value" : "TCHAR", "size" : 14}},
        "LPOVERLAPPED" : {"type" : "pointer", "value" : "OVERLAPPED"},
        "OVERLAPPED" :
        {
            "type" : "struct",
            "value" : [{"name" : "Internal",
                        "type" : "ULONG_PTR"},
                       {"name" : "InternalHigh",
                        "type" : "ULONG_PTR"},
                       {"name" : "Pointer",
                        "type" : "PVOID",
                        "note" : "union"},
                       {"name" : "hEvent",
                        "type" : "HANDLE"}]
        },
        "LPOFSTRUCT" : {"type" : "pointer", "value" : "OFSTRUCT"},
        "OFSTRUCT" :
        {
            "type" : "struct",
            "value" : [{"name" : "cBytes",
                        "type" : "BYTE"},
                       {"name" : "fFixedDisk",
                        "type" : "BYTE"},
                       {"name" : "nErrCode",
                        "type" : "WORD"},
                       {"name" : "Reserved1",
                        "type" : "WORD"},
                       {"name" : "Reserved2",
                        "type" : "WORD"},
                       {"name" : "szPathName",
                        "type" : "__szPathName"}]
        },
        "__szPathName" : {"type" : "unknown", "size" : 128,
                          "note": {"type" : "array", "value" : "CHAR", "size" : 128}},
        "SECURITY_ATTRIBUTES" :
        {
            "type" : "struct",
            "value" : [{"name" : "nLength",
                        "type" : "DWORD"},
                       {"name" : "lpSecurityDescriptor",
                        "type" : "LPVOID"},
                       {"name" : "bInheritHandle",
                        "type" : "BOOL"}]
        },
        "LPSECURITY_ATTRIBUTES" : {"type" : "pointer", "value" : "SECURITY_ATTRIBUTES"},
        "STARTUPINFO" :
        {
            "type" : "struct",
            "value" : [{"name" : "cb",
                        "type" : "DWORD"},
                       {"name" : "lpReserved",
                        "type" : "LPTSTR"},
                       {"name" : "lpDesktop",
                        "type" : "LPTSTR"},
                       {"name" : "lpTitle",
                        "type" : "LPTSTR"},
                       {"name" : "dwX",
                        "type" : "DWORD"},
                       {"name" : "dwY",
                        "type" : "DWORD"},
                       {"name" : "dwXSize",
                        "type" : "DWORD"},
                       {"name" : "dwYSize",
                        "type" : "DWORD"},
                       {"name" : "dwXCountChars",
                        "type" : "DWORD"},
                       {"name" : "dwYCountChars",
                        "type" : "DWORD"},
                       {"name" : "dwFillAttribute",
                        "type" : "DWORD"},
                       {"name" : "dwFlags",
                        "type" : "DWORD"},
                       {"name" : "wShowWindow",
                        "type" : "WORD"},
                       {"name" : "cbReserved2",
                        "type" : "WORD"},
                       {"name" : "lpReserved2",
                        "type" : "LPBYTE"},
                       {"name" : "hStdInput",
                        "type" : "HANDLE"},
                       {"name" : "hStdOutput",
                        "type" : "HANDLE"},
                       {"name" : "hStdError",
                        "type" : "HANDLE"}]
        },
        "LPSTARTUPINFO" : {"type" : "pointer", "value" : "STARTUPINFO"},
        "PROCESS_INFORMATION" :
        {
            "type" : "struct",
            "value" : [{"name" : "hProcess",
                        "type" : "HANDLE"},
                       {"name" : "hThread",
                        "type" : "HANDLE"},
                       {"name" : "dwProcessId",
                        "type" : "DWORD"},
                       {"name" : "dwThreadId",
                        "type" : "DWORD"}]
        },
        "LPPROCESS_INFORMATION" : {"type" : "pointer", "value" : "PROCESS_INFORMATION"}
    }
  }
}
